id,first_name,last_name,email,gender,ip_address
1,Gasper,Heyburn,aattewill0@devhub.com,Male,208.15.65.84
2,Rollin,Full,rfull1@msn.com,Male,146.226.38.255
3,Ashlan,Bussy,abussy2@fastcompany.com,Female,95.56.61.213
4,Kassi,Klaaassen,kklaaassen3@webs.com,Female,205.199.33.122
5,Rosemarie,Wibrew,rwibrew4@google.es,Female,220.222.176.135
6,Zeke,Burnes,zburnes5@huffingtonpost.com,Male,80.207.246.72
7,Aluin,Kydd,akydd6@behance.net,Male,206.228.220.202
8,Ari,Bramhill,abramhill7@mediafire.com,Male,139.102.182.183
9,Jocelyne,Prestie,jprestie8@discovery.com,Female,136.128.43.160
10,Annemarie,Corss,acorss9@over-blog.com,Female,194.29.5.149
11,Victoir,Broadist,vbroadista@webs.com,Male,27.169.90.131
12,Adair,Paraman,aparamanb@issuu.com,Male,185.16.11.114
13,Muffin,Featenby,mfeatenbyc@sohu.com,Male,40.134.125.90
14,Carmen,Alexandrou,calexandroud@nyu.edu,Female,224.132.215.11
15,Marci,Ander,mandere@myspace.com,Female,156.201.18.72
16,Robby,Tibalt,rtibaltf@lulu.com,Male,155.174.233.120
17,Odell,Benneyworth,obenneyworthg@wikipedia.org,Male,240.200.231.222
18,Shep,Chevers,scheversh@tinypic.com,Male,65.126.63.221
19,Jill,Oak,joaki@oakley.com,Female,82.108.76.246
20,Gwenore,Cornes,gcornesj@dell.com,Female,119.102.235.40
21,Windy,Doy,wdoyk@gnu.org,Female,146.200.222.150
22,Nelson,Trevino,ntrevinol@homestead.com,Male,196.161.251.179
23,Essie,Walsham,ewalshamm@shop-pro.jp,Female,12.33.157.54
24,Garry,Furze,gfurzen@rambler.ru,Male,185.76.193.228
25,Dacey,Alker,dalkero@miitbeian.gov.cn,Female,84.149.13.220
26,Raul,Hamblington,rhamblingtonp@sitemeter.com,Male,141.169.198.176
27,Benson,Epps,beppsq@wix.com,Male,243.111.215.57
28,Raimundo,Tampen,rtampenr@1und1.de,Male,164.214.40.93
29,Christyna,Legen,clegens@woothemes.com,Female,152.157.29.250
30,Sansone,Boyce,sboycet@ucoz.ru,Male,88.189.243.16
31,Teddie,Khrishtafovich,tkhrishtafovichu@ameblo.jp,Male,19.231.123.220
32,Derick,Tempest,dtempestv@house.gov,Male,178.98.35.82
33,Hasheem,Pitchers,hpitchersw@comsenz.com,Male,133.84.67.61
34,Marcelline,Swatradge,mswatradgex@reuters.com,Female,9.247.217.106
35,Viole,Shevell,vshevelly@csmonitor.com,Female,194.178.2.190
36,Ashbey,Van Hault,avanhaultz@biblegateway.com,Male,105.134.239.34
37,Sonny,MacCole,smaccole10@4shared.com,Male,205.166.96.143
38,Edithe,Sreenan,esreenan11@hibu.com,Female,183.184.101.100
39,Bondy,Gianettini,bgianettini12@nytimes.com,Male,4.247.168.169
40,Lorain,Berardt,lberardt13@php.net,Female,124.105.251.248
41,Cher,Boldison,cboldison14@princeton.edu,Female,71.251.145.32
42,Mackenzie,Jerrand,mjerrand15@dedecms.com,Male,146.85.64.55
43,Carlen,Orrin,corrin16@opera.com,Female,59.151.91.106
44,Brook,Clemmow,bclemmow17@thetimes.co.uk,Male,69.27.53.133
45,Jason,Rolfs,jrolfs18@marriott.com,Male,249.130.237.4
46,Giulia,Pristnor,gpristnor19@imageshack.us,Female,220.27.49.145
47,Emmye,Lorrimer,elorrimer1a@adobe.com,Female,183.76.12.245
48,Isadora,Nibley,inibley1b@moonfruit.com,Female,66.199.51.149
49,Saraann,Bedinham,sbedinham1c@mac.com,Female,87.152.25.232
50,Ingram,Olifaunt,iolifaunt1d@furl.net,Male,247.136.189.67
51,Laney,Gerg,lgerg1e@vistaprint.com,Male,93.194.3.117
52,Chaim,Moorman,cmoorman1f@hibu.com,Male,98.249.122.158
53,Philis,Ommundsen,pommundsen1g@ca.gov,Female,103.203.22.214
54,Barry,Andriolli,bandriolli1h@cnn.com,Male,143.44.172.210
55,Casey,MacEvilly,cmacevilly1i@google.pl,Male,59.3.128.39
56,Kimberli,Mogra,kmogra1j@yolasite.com,Female,250.181.2.130
57,Grannie,Wynch,gwynch1k@abc.net.au,Male,178.237.234.72
58,Ilise,Leebetter,ileebetter1l@cnbc.com,Female,100.47.59.126
59,Anselma,Mirrlees,amirrlees1m@ucoz.com,Female,200.20.57.129
60,Ester,Denness,edenness1n@biblegateway.com,Female,153.219.73.115
61,Eddy,MacRedmond,emacredmond1o@studiopress.com,Female,209.172.138.182
62,Sarine,Jasper,sjasper1p@mediafire.com,Female,103.59.43.103
63,Darda,Saundercock,dsaundercock1q@symantec.com,Female,207.186.206.133
64,Otes,Hendrix,ohendrix1r@lycos.com,Male,185.5.2.205
65,Brigid,Mehaffey,bmehaffey1s@php.net,Female,37.102.155.17
66,Nata,Duran,nduran1t@alexa.com,Female,112.133.78.229
67,Delores,Gilmore,dgilmore1u@goo.gl,Female,35.17.76.40
68,Angel,Cordell,acordell1v@apache.org,Male,249.170.10.176
69,Ambros,Annell,aannell1w@imdb.com,Male,69.31.144.138
70,Benjamin,Snalom,bsnalom1x@unesco.org,Male,45.250.206.182
71,Hanni,Seeler,hseeler1y@loc.gov,Female,187.67.116.159
72,Krissie,Harral,kharral1z@ebay.com,Female,228.164.4.134
73,Millard,Brownbridge,mbrownbridge20@woothemes.com,Male,14.201.156.26
74,Randi,Hargrove,rhargrove21@gmpg.org,Female,60.67.78.75
75,Madge,MacKerley,mmackerley22@sbwire.com,Female,191.179.254.81
76,Tallie,Ostick,tostick23@jigsy.com,Male,40.183.11.22
77,Fowler,Mawson,fmawson24@dmoz.org,Male,231.96.86.221
78,Bud,Spurge,bspurge25@xinhuanet.com,Male,224.60.252.146
79,Donnell,Hullot,dhullot26@pinterest.com,Male,59.13.192.14
80,Faythe,Ternouth,fternouth27@linkedin.com,Female,9.208.98.140
81,Cari,Novic,cnovic28@jiathis.com,Female,235.68.215.204
82,Jilleen,Dunstone,jdunstone29@wufoo.com,Female,62.220.222.157
83,Fanchon,Burtt,fburtt2a@google.co.uk,Female,111.38.208.128
84,Minda,Maken,mmaken2b@princeton.edu,Female,163.220.82.57
85,Mae,Line,mline2c@sciencedaily.com,Female,56.169.216.162
86,Ira,Bradbrook,ibradbrook2d@hexun.com,Female,181.217.217.130
87,Orazio,Reddle,oreddle2e@scientificamerican.com,Male,237.10.231.120
88,Shauna,Mc Ilory,smcilory2f@sfgate.com,Female,216.147.177.78
89,Emmalee,Fermin,efermin2g@microsoft.com,Female,80.73.137.201
90,Orelle,Bunnell,obunnell2h@narod.ru,Female,95.67.45.124
91,Kirsti,Etteridge,ketteridge2i@indiatimes.com,Female,10.225.68.78
92,Edik,Hawyes,ehawyes2j@mysql.com,Male,45.123.191.110
93,Maye,Somerset,msomerset2k@forbes.com,Female,26.163.126.215
94,Pauli,Kitcherside,pkitcherside2l@digg.com,Female,230.36.126.22
95,Antin,Hawney,ahawney2m@umich.edu,Male,175.145.42.93
96,Yoshi,Fremantle,yfremantle2n@senate.gov,Female,183.36.228.241
97,Jackson,Aleavy,jaleavy2o@delicious.com,Male,93.196.195.138
98,Prent,Flower,pflower2p@godaddy.com,Male,181.185.180.55
99,Eli,Vizard,evizard2q@slate.com,Male,231.125.167.151
100,Ly,Stopp,lstopp2r@cam.ac.uk,Male,194.251.65.104
101,Jillian,Dinesen,jdinesen2s@craigslist.org,Female,178.127.249.116
102,Tarrah,Vanyatin,tvanyatin2t@homestead.com,Female,158.203.214.209
103,Dawna,Thormann,dthormann2u@cnn.com,Female,225.116.205.75
104,Lindsay,Chritchlow,lchritchlow2v@feedburner.com,Male,145.13.218.217
105,Bellina,Labin,blabin2w@weebly.com,Female,121.39.36.129
106,Jack,Ashling,jashling2x@sciencedirect.com,Male,148.210.67.140
107,Valentine,Brandsma,vbrandsma2y@eepurl.com,Female,133.25.110.160
108,Lennie,Aleso,laleso2z@jiathis.com,Male,213.32.209.146
109,Theo,Spendley,tspendley30@163.com,Male,251.89.195.120
110,Martainn,Brumham,mbrumham31@google.com.au,Male,200.76.50.155
111,Jamey,Vondruska,jvondruska32@dyndns.org,Male,216.109.194.167
112,Dion,Mutton,dmutton33@51.la,Female,162.19.226.147
113,Elvis,Dennington,edennington34@boston.com,Male,254.205.108.216
114,Millicent,Reely,mreely35@china.com.cn,Female,39.250.158.197
115,Onfre,Volet,ovolet36@51.la,Male,3.174.221.1
116,Rozalin,Rasmus,rrasmus37@reddit.com,Female,121.224.150.144
117,Dale,Vasilchikov,dvasilchikov38@soundcloud.com,Male,29.182.104.93
118,Granthem,Shoebrook,gshoebrook39@wikipedia.org,Male,28.178.33.77
119,Brew,Goodlet,bgoodlet3a@google.com,Male,43.32.83.172
120,Jolynn,Hospital,jhospital3b@unesco.org,Female,129.151.155.14
121,Erhard,Jervis,ejervis3c@naver.com,Male,29.114.215.185
122,Vidovic,Altofts,valtofts3d@google.com,Male,13.117.222.131
123,Butch,Tanman,btanman3e@istockphoto.com,Male,242.140.11.251
124,Christine,Shorbrook,cshorbrook3f@ifeng.com,Female,230.211.50.218
125,Malvina,Skehan,mskehan3g@mac.com,Female,48.221.49.11
126,Sheelah,Campione,scampione3h@symantec.com,Female,17.42.159.2
127,Forest,Pigny,fpigny3i@istockphoto.com,Male,232.78.89.28
128,Gisella,Dunston,gdunston3j@facebook.com,Female,112.16.70.126
129,Goldarina,Hair,ghair3k@myspace.com,Female,189.104.237.206
130,Augusta,Warden,awarden3l@berkeley.edu,Female,152.86.187.31
131,Isobel,Stanmore,istanmore3m@wikipedia.org,Female,95.187.110.36
132,Ardella,Affleck,aaffleck3n@elpais.com,Female,29.99.76.46
133,Tory,Whitton,twhitton3o@buzzfeed.com,Female,0.10.175.114
134,Jamie,Dumingo,jdumingo3p@ftc.gov,Female,1.5.75.45
135,Faythe,Nelissen,fnelissen3q@archive.org,Female,82.126.57.130
136,Dale,Clother,dclother3r@usnews.com,Male,107.177.212.141
137,Lainey,Wyman,lwyman3s@flickr.com,Female,149.7.17.59
138,Felice,Di Claudio,fdiclaudio3t@smugmug.com,Female,244.65.145.221
139,Danyette,Hamberstone,dhamberstone3u@myspace.com,Female,183.33.11.200
140,Chane,Lynes,clynes3v@mayoclinic.com,Male,95.110.36.5
141,Woody,Cleaver,wcleaver3w@bizjournals.com,Male,122.125.146.228
142,Ailbert,Foyster,afoyster3x@cocolog-nifty.com,Male,191.192.202.3
143,Dante,Tomkinson,dtomkinson3y@msu.edu,Male,255.101.201.213
144,Donelle,Gaspard,dgaspard3z@phpbb.com,Female,38.207.35.92
145,Doll,Brasted,dbrasted40@bloglines.com,Female,84.241.8.88
146,Rodrigo,Yelden,ryelden41@nymag.com,Male,51.67.111.38
147,Alyosha,Snaith,asnaith42@accuweather.com,Male,177.143.188.175
148,Woodrow,Kimmins,wkimmins43@shop-pro.jp,Male,22.126.254.146
149,Mano,Poltone,mpoltone44@bloomberg.com,Male,204.29.100.105
150,Thorn,Dallaghan,tdallaghan45@pagesperso-orange.fr,Male,201.158.38.222
151,Ophelie,Donaher,odonaher46@gizmodo.com,Female,158.161.228.23
152,Rollo,Parsand,rparsand47@quantcast.com,Male,187.96.102.7
153,Dalston,Carpe,dcarpe48@goo.gl,Male,103.138.190.107
154,Farleigh,Thiem,fthiem49@bandcamp.com,Male,248.214.205.228
155,Rey,Harrisson,rharrisson4a@unicef.org,Male,177.160.195.49
156,Romonda,Stickel,rstickel4b@sogou.com,Female,32.115.22.203
157,Jeno,McCulloch,jmcculloch4c@marriott.com,Male,168.30.46.43
158,Jodi,Farfull,jfarfull4d@deviantart.com,Female,218.153.116.195
159,Winifield,Harmon,wharmon4e@lulu.com,Male,28.10.94.48
160,Saba,Camolli,scamolli4f@theatlantic.com,Female,99.144.163.102
161,Vi,Sawfoot,vsawfoot4g@scientificamerican.com,Female,151.82.84.191
162,Peter,Blowfield,pblowfield4h@bluehost.com,Male,219.84.206.197
163,Leisha,Ianilli,lianilli4i@ox.ac.uk,Female,55.180.78.142
164,Suzette,O'Hannay,sohannay4j@phoca.cz,Female,10.245.142.198
165,Evania,Ridding,eridding4k@wired.com,Female,60.179.95.170
166,Hamilton,Allery,hallery4l@army.mil,Male,239.226.73.163
167,Dorelle,Ledingham,dledingham4m@pen.io,Female,219.59.127.34
168,Kissiah,Garlinge,kgarlinge4n@ustream.tv,Female,187.29.91.71
169,Mycah,Caird,mcaird4o@goo.gl,Male,0.89.215.190
170,Hugo,Najera,hnajera4p@over-blog.com,Male,76.8.75.74
171,Brina,Bravington,bbravington4q@sphinn.com,Female,166.129.33.175
172,Minni,Maddy,mmaddy4r@hugedomains.com,Female,98.223.137.35
173,Virgie,Stanett,vstanett4s@google.de,Female,241.40.192.79
174,Vic,Harmon,vharmon4t@pen.io,Male,114.134.63.188
175,Chance,Kingsman,ckingsman4u@qq.com,Male,76.241.21.123
176,Vasily,Huyhton,vhuyhton4v@imageshack.us,Male,101.228.199.30
177,Elspeth,Yedy,eyedy4w@bigcartel.com,Female,207.11.236.153
178,Frederick,Bonnar,fbonnar4x@seesaa.net,Male,187.109.139.99
179,Barris,Lowde,blowde4y@geocities.com,Male,85.199.198.139
180,Mariska,Cerro,mcerro4z@va.gov,Female,207.217.174.14
181,Marjie,Shilladay,mshilladay50@java.com,Female,214.25.131.7
182,Susette,Kinney,skinney51@nsw.gov.au,Female,101.86.4.143
183,Dulcea,Dollar,ddollar52@imgur.com,Female,134.171.144.0
184,Lars,Thurstance,lthurstance53@dedecms.com,Male,37.48.8.167
185,Ruperta,Linstead,rlinstead54@hubpages.com,Female,143.210.23.119
186,Cassey,Bantham,cbantham55@google.fr,Female,123.233.128.204
187,Coletta,Rearie,crearie56@pagesperso-orange.fr,Female,176.225.10.128
188,Amelita,Ciubutaro,aciubutaro57@wikispaces.com,Female,174.81.150.17
189,Kathlin,Mahaddie,kmahaddie58@wikia.com,Female,6.63.239.114
190,Titos,Leasor,tleasor59@over-blog.com,Male,57.4.2.157
191,Barnard,Scoble,bscoble5a@apache.org,Male,166.247.62.139
192,Tess,Ambrogelli,tambrogelli5b@psu.edu,Female,223.13.133.209
193,Shela,Sparrow,ssparrow5c@vinaora.com,Female,240.163.249.58
194,Marty,Glancey,mglancey5d@hp.com,Female,26.33.131.150
195,Kaja,Wickrath,kwickrath5e@gnu.org,Female,71.253.207.174
196,Cathi,Worvill,cworvill5f@unblog.fr,Female,68.14.42.76
197,Petrina,Welch,pwelch5g@zdnet.com,Female,80.10.142.189
198,Lothario,Berrisford,lberrisford5h@go.com,Male,25.109.180.240
199,Sawyer,Walisiak,swalisiak5i@sitemeter.com,Male,10.211.201.254
200,Lyndell,Olennikov,lolennikov5j@uol.com.br,Female,194.157.66.161
201,Marlie,LaBastida,mlabastida5k@nydailynews.com,Female,40.186.197.59
202,Fredia,Coltherd,fcoltherd5l@wufoo.com,Female,199.128.67.177
203,Taylor,Boshard,tboshard5m@pagesperso-orange.fr,Male,73.225.157.136
204,Sallyann,Tootal,stootal5n@vistaprint.com,Female,139.231.172.72
205,Bernardine,Jouannin,bjouannin5o@uiuc.edu,Female,6.66.205.28
206,Laurel,Fratczak,lfratczak5p@ehow.com,Female,206.252.8.109
207,Staffard,Cornau,scornau5q@paypal.com,Male,100.164.39.85
208,Perri,Gauch,pgauch5r@usda.gov,Female,149.146.234.213
209,Isiahi,Rowlinson,irowlinson5s@prweb.com,Male,128.103.212.140
210,Nicky,Colerick,ncolerick5t@google.cn,Female,132.198.128.231
211,Darnell,Lisamore,dlisamore5u@intel.com,Male,195.66.138.209
212,Lucho,Gilogly,lgilogly5v@wiley.com,Male,194.130.94.218
213,Bowie,Fossett,bfossett5w@google.fr,Male,44.161.161.226
214,Bernie,Cuseick,bcuseick5x@mlb.com,Male,73.35.186.221
215,Gifford,Ivanenko,givanenko5y@typepad.com,Male,57.6.206.200
216,Jamal,Pentecust,jpentecust5z@icio.us,Male,11.47.229.253
217,Michell,Meredyth,mmeredyth60@linkedin.com,Female,38.194.130.220
218,Nelie,Raulin,nraulin61@unesco.org,Female,100.35.148.230
219,Sheilah,Rive,srive62@webmd.com,Female,233.246.41.178
220,Cary,Miguel,cmiguel63@macromedia.com,Female,35.74.180.58
221,Donia,Seneschal,dseneschal64@flavors.me,Female,160.51.250.28
222,Dewie,Ondrasek,dondrasek65@blogger.com,Male,34.38.237.122
223,Gaynor,O'Mullally,gomullally66@paginegialle.it,Female,227.196.109.76
224,Johan,McArdle,jmcardle67@bloglines.com,Male,56.141.155.21
225,Jillana,Drinkall,jdrinkall68@bigcartel.com,Female,36.70.207.14
226,Esdras,Buye,ebuye69@samsung.com,Male,183.82.228.199
227,Sheff,Hourihan,shourihan6a@msn.com,Male,89.58.154.224
228,Meagan,Lindholm,mlindholm6b@etsy.com,Female,228.104.61.9
229,Constantin,Shephard,cshephard6c@hc360.com,Male,207.233.123.133
230,Eldin,Tricker,etricker6d@ibm.com,Male,113.222.121.64
231,Rayner,Cyseley,rcyseley6e@jalbum.net,Male,228.55.160.35
232,Morey,Dunabie,mdunabie6f@xrea.com,Male,205.2.171.139
233,Farrel,Birkwood,fbirkwood6g@ycombinator.com,Male,16.84.87.85
234,Chalmers,Coite,ccoite6h@java.com,Male,148.205.36.71
235,Reinald,Angrock,rangrock6i@salon.com,Male,160.162.216.56
236,Galina,Godber,ggodber6j@state.gov,Female,18.231.93.149
237,Ludwig,Bichener,lbichener6k@goo.ne.jp,Male,16.49.28.58
238,Magdalene,Threadgold,mthreadgold6l@apache.org,Female,190.150.155.228
239,Corabel,Glasscock,cglasscock6m@twitter.com,Female,170.63.100.205
240,Gerhard,Moehler,gmoehler6n@columbia.edu,Male,226.183.93.60
241,Vance,Riddell,vriddell6o@chicagotribune.com,Male,138.148.77.89
242,Patrice,Newbery,pnewbery6p@spiegel.de,Female,218.165.130.175
243,Obie,Symmons,osymmons6q@europa.eu,Male,194.233.243.149
244,Simon,Burston,sburston6r@mysql.com,Male,103.46.53.195
245,Charmian,Cleveley,ccleveley6s@drupal.org,Female,172.143.191.79
246,Benton,Barensky,bbarensky6t@instagram.com,Male,56.51.206.242
247,Galina,Walhedd,gwalhedd6u@51.la,Female,186.199.175.18
248,Bram,Stevens,bstevens6v@hubpages.com,Male,245.184.11.72
249,Jervis,Witheridge,jwitheridge6w@reverbnation.com,Male,37.233.23.54
250,Irving,Avramovich,iavramovich6x@businessweek.com,Male,15.126.34.57
251,Frieda,MacKibbon,fmackibbon6y@theatlantic.com,Female,109.242.238.237
252,Winna,Santino,wsantino6z@cdc.gov,Female,10.162.17.117
253,Andros,Lambert,alambert70@scientificamerican.com,Male,153.170.63.150
254,Maighdiln,Dicks,mdicks71@xrea.com,Female,245.39.9.127
255,Julee,Enderwick,jenderwick72@privacy.gov.au,Female,224.45.146.239
256,Edwin,Delbergue,edelbergue73@oaic.gov.au,Male,225.107.42.94
257,Becki,Rishbrook,brishbrook74@cnet.com,Female,230.28.48.58
258,Earle,Tott,etott75@ucoz.com,Male,56.245.95.3
259,Elise,Barrett,ebarrett76@plala.or.jp,Female,126.139.204.196
260,Lance,Seligson,lseligson77@netlog.com,Male,237.77.212.39
261,Brade,Rhule,brhule78@blinklist.com,Male,167.211.77.189
262,Joycelin,Sartin,jsartin79@marketwatch.com,Female,147.236.144.85
263,Athene,de Guise,adeguise7a@topsy.com,Female,219.215.211.61
264,Rubin,MacMechan,rmacmechan7b@so-net.ne.jp,Male,92.139.182.252
265,Callida,Oke,coke7c@uiuc.edu,Female,204.129.123.138
266,Otho,Lowdham,olowdham7d@gov.uk,Male,27.249.5.195
267,Sharlene,Covotti,scovotti7e@ucla.edu,Female,221.121.43.167
268,Redford,Pilgrim,rpilgrim7f@slashdot.org,Male,62.48.216.66
269,Bucky,Antat,bantat7g@virginia.edu,Male,96.207.236.165
270,Candy,Ronnay,cronnay7h@globo.com,Female,36.100.146.147
271,Guillemette,Howsam,ghowsam7i@narod.ru,Female,74.108.3.181
272,Rhodie,Agus,ragus7j@ed.gov,Female,112.123.230.230
273,Danyette,Treadgold,dtreadgold7k@is.gd,Female,99.223.190.83
274,Giulietta,Batty,gbatty7l@cmu.edu,Female,123.21.238.50
275,Skipper,Pogosian,spogosian7m@shutterfly.com,Male,163.78.216.121
276,Kylynn,Pearson,kpearson7n@microsoft.com,Female,19.221.97.81
277,Rafaela,Dudek,rdudek7o@merriam-webster.com,Female,149.140.196.187
278,Shawna,Baggett,sbaggett7p@house.gov,Female,159.103.61.101
279,Lynnell,Stebbings,lstebbings7q@imdb.com,Female,162.166.162.117
280,Denney,Tregidgo,dtregidgo7r@xinhuanet.com,Male,150.248.16.114
281,Alyssa,Kemshell,akemshell7s@fastcompany.com,Female,114.114.214.10
282,Mallory,Fermor,mfermor7t@howstuffworks.com,Female,98.10.38.105
283,Brnaby,Brecken,bbrecken7u@fema.gov,Male,75.103.103.12
284,Paulie,Treby,ptreby7v@nhs.uk,Male,135.24.39.27
285,Paule,Chaves,pchaves7w@paypal.com,Female,217.42.82.21
286,Ichabod,Tourville,itourville7x@prnewswire.com,Male,235.137.94.117
287,Elsi,Bumpass,ebumpass7y@vinaora.com,Female,81.96.220.158
288,Jemie,Semorad,jsemorad7z@w3.org,Female,132.65.246.203
289,Weber,McKeevers,wmckeevers80@github.io,Male,144.28.147.70
290,April,Champney,achampney81@sciencedirect.com,Female,32.62.112.122
291,Willie,Coxwell,wcoxwell82@engadget.com,Female,4.116.250.199
292,Kathe,Grasner,kgrasner83@amazon.de,Female,151.3.220.251
293,Caryl,Witcher,cwitcher84@de.vu,Female,72.84.210.123
294,Jania,Magson,jmagson85@ted.com,Female,196.91.34.37
295,Merissa,Havik,mhavik86@t.co,Female,237.220.99.160
296,Nial,Foli,nfoli87@cbslocal.com,Male,13.236.62.133
297,Vallie,Draycott,vdraycott88@freewebs.com,Female,234.147.185.153
298,Amye,Fullstone,afullstone89@odnoklassniki.ru,Female,120.169.151.85
299,Caria,Olivey,colivey8a@usa.gov,Female,166.41.89.171
300,Jolie,Iacabucci,jiacabucci8b@github.io,Female,232.249.196.226
301,Farra,Lawlan,flawlan8c@google.fr,Female,165.48.243.144
302,Vasili,Cicchitello,vcicchitello8d@goodreads.com,Male,109.18.122.58
303,Mitchell,Sawer,msawer8e@samsung.com,Male,132.3.211.50
304,Ricky,Sneezum,rsneezum8f@canalblog.com,Male,40.57.163.240
305,Rodrigo,Bustin,rbustin8g@sciencedaily.com,Male,1.114.45.248
306,Druci,Kynston,dkynston8h@narod.ru,Female,144.221.83.224
307,Huberto,Rowbrey,hrowbrey8i@sogou.com,Male,27.112.252.151
308,Belicia,Cannop,bcannop8j@webnode.com,Female,93.1.179.167
309,Axel,Edward,aedward8k@boston.com,Male,162.35.33.233
310,Diane,Scad,dscad8l@e-recht24.de,Female,134.174.148.181
311,Terrance,Carnell,tcarnell8m@google.es,Male,13.187.142.47
312,Theodora,Pancast,tpancast8n@ycombinator.com,Female,84.116.27.53
313,Yard,Andrassy,yandrassy8o@dell.com,Male,41.36.27.207
314,Kendricks,Schaben,kschaben8p@nifty.com,Male,220.177.119.19
315,Mindy,Honatsch,mhonatsch8q@cbslocal.com,Female,14.126.61.65
316,Wake,Shewery,wshewery8r@mtv.com,Male,31.97.170.72
317,Chic,Tallet,ctallet8s@bloglovin.com,Male,233.161.149.125
318,Sam,Scattergood,sscattergood8t@gizmodo.com,Male,108.35.204.8
319,Patrizius,M'Chirrie,pmchirrie8u@pcworld.com,Male,109.200.147.84
320,Elnar,Avard,eavard8v@people.com.cn,Male,93.160.84.32
321,Datha,Perigoe,dperigoe8w@gov.uk,Female,26.38.47.64
322,Teri,Hein,thein8x@icq.com,Female,8.157.113.96
323,Alano,Sandell,asandell8y@china.com.cn,Male,140.42.21.117
324,Lynna,Steynor,lsteynor8z@a8.net,Female,46.212.125.57
325,Dolley,Beedie,dbeedie90@google.co.jp,Female,238.2.55.117
326,Sawyere,Hitchens,shitchens91@squidoo.com,Male,161.26.112.54
327,Cirstoforo,Judron,cjudron92@drupal.org,Male,98.235.66.230
328,Kaitlyn,Cammidge,kcammidge93@usda.gov,Female,246.10.170.171
329,Issiah,Klehn,iklehn94@china.com.cn,Male,153.41.234.194
330,Hoebart,Bruyet,hbruyet95@163.com,Male,254.101.230.96
331,Shadow,Gatrell,sgatrell96@disqus.com,Male,194.130.10.131
332,Jaquenette,Cockin,jcockin97@indiegogo.com,Female,62.240.27.221
333,Leah,Dellenbach,ldellenbach98@ed.gov,Female,74.167.79.52
334,Brigida,Knuckles,bknuckles99@blogtalkradio.com,Female,249.225.116.121
335,Corey,Murray,cmurray9a@npr.org,Male,17.71.87.254
336,Ranna,MacNucator,rmacnucator9b@nbcnews.com,Female,86.230.181.102
337,Carlo,Becom,cbecom9c@nyu.edu,Male,62.205.206.9
338,Gannie,Sennett,gsennett9d@last.fm,Male,34.71.135.102
339,Sarge,Huegett,shuegett9e@forbes.com,Male,105.54.209.80
340,Marin,Worge,mworge9f@studiopress.com,Female,52.202.221.71
341,Glenn,McGaughey,gmcgaughey9g@yolasite.com,Female,194.71.177.83
342,Maud,Whebell,mwhebell9h@mac.com,Female,72.88.182.211
343,Clive,Eddie,ceddie9i@wikimedia.org,Male,49.119.242.235
344,Dukey,Lusty,dlusty9j@usatoday.com,Male,19.209.59.18
345,Reamonn,Summerill,rsummerill9k@jimdo.com,Male,7.89.62.60
346,Virgil,Barthropp,vbarthropp9l@prweb.com,Male,144.42.54.241
347,Poul,Hurst,phurst9m@answers.com,Male,173.29.220.20
348,Liuka,Lindwasser,llindwasser9n@a8.net,Female,247.121.36.53
349,Welbie,Brimmicombe,wbrimmicombe9o@is.gd,Male,52.175.151.102
350,Almeta,Uzzell,auzzell9p@senate.gov,Female,165.70.190.243
351,Suzette,Howlett,showlett9q@delicious.com,Female,181.91.234.112
352,Moselle,Mate,mmate9r@bravesites.com,Female,207.38.164.100
353,Chandler,Bleddon,cbleddon9s@alibaba.com,Male,247.98.7.49
354,Kingsley,Comberbeach,kcomberbeach9t@example.com,Male,226.113.209.189
355,Arden,Barlass,abarlass9u@scientificamerican.com,Female,206.114.239.160
356,Gaston,Bigg,gbigg9v@oracle.com,Male,20.37.86.162
357,Myriam,Joris,mjoris9w@bloglovin.com,Female,55.116.147.18
358,Ora,Tuffrey,otuffrey9x@ehow.com,Female,106.17.142.144
359,Tybi,Elkins,telkins9y@twitpic.com,Female,128.126.183.107
360,Rutger,Carcass,rcarcass9z@weibo.com,Male,159.91.213.225
361,Krisha,Marquez,kmarqueza0@kickstarter.com,Male,180.180.170.211
362,Gail,Walkington,gwalkingtona1@nps.gov,Female,181.47.146.55
363,Wilie,Thackray,wthackraya2@craigslist.org,Female,114.122.178.177
364,Chevy,Kingman,ckingmana3@smugmug.com,Male,162.57.115.225
365,Dennison,Pasquale,dpasqualea4@xrea.com,Male,225.193.85.105
366,Mason,Pexton,mpextona5@dailymotion.com,Male,69.68.49.144
367,Granthem,Tames,gtamesa6@xinhuanet.com,Male,252.8.190.195
368,Gabriele,Mangenet,gmangeneta7@prweb.com,Male,44.247.68.128
369,Melantha,Kondratowicz,mkondratowicza8@spiegel.de,Female,71.253.115.77
370,Bucky,Benge,bbengea9@wiley.com,Male,195.170.77.176
371,Jazmin,Teacy,jteacyaa@blinklist.com,Female,251.232.217.143
372,Poul,Vercruysse,pvercruysseab@blogtalkradio.com,Male,212.247.86.92
373,Gwenette,Sive,gsiveac@psu.edu,Female,82.169.165.201
374,Pavlov,Roggieri,proggieriad@loc.gov,Male,55.9.186.159
375,Shalna,Garling,sgarlingae@miitbeian.gov.cn,Female,222.176.132.244
376,Lotti,Sorbey,lsorbeyaf@mapquest.com,Female,151.204.236.45
377,Hali,Fairley,hfairleyag@youku.com,Female,17.181.181.66
378,Ingrim,Millimoe,imillimoeah@businesswire.com,Male,202.197.237.94
379,Ricoriki,Trengrove,rtrengroveai@blog.com,Male,35.49.25.225
380,Christy,Grief,cgriefaj@google.com.br,Male,226.33.78.254
381,Christy,Drinkel,cdrinkelak@who.int,Female,190.63.1.130
382,Albertina,Garbutt,agarbuttal@wordpress.com,Female,233.157.206.147
383,Bartholomew,Mahaddy,bmahaddyam@is.gd,Male,125.119.216.223
384,Rafferty,Garrigan,rgarriganan@discuz.net,Male,142.116.80.72
385,Kacy,Rubertelli,krubertelliao@kickstarter.com,Female,108.181.241.165
386,Ximenez,Walding,xwaldingap@narod.ru,Male,246.51.23.179
387,Brendan,Ughi,bughiaq@addthis.com,Male,137.209.126.95
388,Benyamin,Thompson,bthompsonar@ow.ly,Male,197.246.17.197
389,Wilie,Jeakins,wjeakinsas@bbb.org,Female,161.31.98.146
390,Eolande,Raffles,erafflesat@weibo.com,Female,242.60.6.218
391,Kristos,Behning,kbehningau@cbc.ca,Male,14.38.14.245
392,Rivalee,Pinwill,rpinwillav@youku.com,Female,193.48.16.0
393,Sayer,Foard,sfoardaw@shinystat.com,Male,167.146.170.161
394,Kurtis,Jovey,kjoveyax@bizjournals.com,Male,173.25.172.24
395,Opaline,Passler,opassleray@yellowbook.com,Female,83.232.184.19
396,Carroll,Welden,cweldenaz@wix.com,Male,230.127.43.75
397,Huntley,Gilfether,hgilfetherb0@blinklist.com,Male,134.136.72.182
398,Rosemaria,Al Hirsi,ralhirsib1@instagram.com,Female,215.124.200.101
399,Pip,Kures,pkuresb2@etsy.com,Male,194.249.122.4
400,Steward,Musslewhite,smusslewhiteb3@slate.com,Male,40.24.9.204
401,Humfried,Crissil,hcrissilb4@mac.com,Male,19.61.99.144
402,Salmon,Autie,sautieb5@dyndns.org,Male,202.145.207.165
403,Clo,Batrick,cbatrickb6@oracle.com,Female,103.255.115.5
404,Jillian,Olrenshaw,jolrenshawb7@canalblog.com,Female,219.184.108.193
405,Tybalt,Leifer,tleiferb8@furl.net,Male,44.244.206.64
406,Hillary,Ferrick,hferrickb9@ft.com,Female,62.62.82.154
407,Sherwin,Zemler,szemlerba@ycombinator.com,Male,20.2.15.88
408,Jemmy,Ennew,jennewbb@pcworld.com,Female,243.97.179.201
409,Gabrielle,Favela,gfavelabc@webmd.com,Female,219.139.138.9
410,Marcelline,Corbert,mcorbertbd@squidoo.com,Female,210.19.241.190
411,Mari,Dilks,mdilksbe@accuweather.com,Female,139.239.190.249
412,Edwin,Grovier,egrovierbf@1688.com,Male,118.222.128.152
413,Leupold,Cluatt,lcluattbg@a8.net,Male,33.59.83.47
414,Ermanno,Constable,econstablebh@bing.com,Male,47.42.182.224
415,Ivan,Sumpton,isumptonbi@printfriendly.com,Male,186.126.248.78
416,Ashla,Barde,abardebj@flavors.me,Female,99.177.211.234
417,Cathie,Sanchez,csanchezbk@hp.com,Female,218.85.232.189
418,Latia,Vinecombe,lvinecombebl@home.pl,Female,20.124.148.20
419,Joete,Cordova,jcordovabm@spotify.com,Female,82.211.88.183
420,Barry,Manneville,bmannevillebn@ted.com,Male,98.37.169.157
421,Gayle,Ashfold,gashfoldbo@businessinsider.com,Female,244.58.143.133
422,Cosette,McMeekan,cmcmeekanbp@wisc.edu,Female,24.105.228.136
423,Artemis,Blackler,ablacklerbq@google.co.uk,Male,54.99.157.140
424,Priscilla,Geany,pgeanybr@google.com.br,Female,102.0.140.245
425,Coralie,Casassa,ccasassabs@woothemes.com,Female,175.241.162.174
426,Linoel,Dyas,ldyasbt@java.com,Male,132.178.36.159
427,Robyn,Keenleyside,rkeenleysidebu@uiuc.edu,Female,3.88.59.116
428,Ellen,Gittose,egittosebv@msu.edu,Female,167.217.103.18
429,Conroy,Casseldine,ccasseldinebw@php.net,Male,173.162.34.39
430,Meghan,Hebblewhite,mhebblewhitebx@fotki.com,Female,228.96.221.213
431,Lind,Aviss,lavissby@yolasite.com,Female,51.163.65.222
432,Andrey,Leeke,aleekebz@google.com.br,Male,251.178.102.208
433,Julius,Chasmoor,jchasmoorc0@mashable.com,Male,81.119.51.140
434,Zarah,Bignold,zbignoldc1@surveymonkey.com,Female,57.150.240.66
435,Marin,Iacovaccio,miacovaccioc2@goo.gl,Female,56.79.83.131
436,Arnie,Eborall,aeborallc3@unicef.org,Male,72.79.123.23
437,Flossie,Callf,fcallfc4@goo.ne.jp,Female,54.83.203.238
438,Cristionna,Odde,coddec5@pen.io,Female,139.226.21.94
439,Thornie,Wenzel,twenzelc6@fema.gov,Male,42.11.57.93
440,Matthias,Hubbuck,mhubbuckc7@goo.gl,Male,117.219.221.156
441,Libby,Mozzi,lmozzic8@columbia.edu,Female,45.151.161.92
442,Christoforo,McLaine,cmclainec9@economist.com,Male,77.195.127.29
443,Maxie,Jakoubek,mjakoubekca@telegraph.co.uk,Female,168.181.168.199
444,Kelwin,Yeowell,kyeowellcb@multiply.com,Male,99.136.253.194
445,Chevy,Dorey,cdoreycc@liveinternet.ru,Male,160.122.223.171
446,Philippine,Scraney,pscraneycd@tiny.cc,Female,160.111.199.147
447,Marylinda,Clarage,mclaragece@mapy.cz,Female,37.186.107.139
448,Vina,Rathborne,vrathbornecf@mlb.com,Female,113.87.103.65
449,Russell,Flattman,rflattmancg@stumbleupon.com,Male,36.92.240.107
450,Germain,Pettet,gpettetch@army.mil,Male,71.4.169.228
451,Manuel,Clulow,mclulowci@eventbrite.com,Male,35.8.201.23
452,Yul,Hanney,yhanneycj@comcast.net,Male,151.77.104.176
453,Bride,Rohloff,brohloffck@moonfruit.com,Female,103.152.102.113
454,Monte,Jarvie,mjarviecl@whitehouse.gov,Male,145.187.40.31
455,Laurice,Pinson,lpinsoncm@wikia.com,Female,228.164.121.84
456,Brigid,Foreman,bforemancn@loc.gov,Female,50.13.177.125
457,Wally,Digges,wdiggesco@google.ru,Female,248.142.3.92
458,Jane,Peddersen,jpeddersencp@51.la,Female,205.3.200.191
459,Steven,Curr,scurrcq@java.com,Male,129.30.213.41
460,Quentin,Sebastian,qsebastiancr@abc.net.au,Female,66.156.27.81
461,Cara,Caesar,ccaesarcs@surveymonkey.com,Female,156.208.58.139
462,Flin,Willmetts,fwillmettsct@epa.gov,Male,157.198.110.39
463,Jemie,Kinglake,jkinglakecu@chicagotribune.com,Female,90.236.112.145
464,Junie,McCurtain,jmccurtaincv@simplemachines.org,Female,255.222.180.4
465,Trueman,Fort,tfortcw@ucsd.edu,Male,6.16.21.136
466,Glenine,Orcas,gorcascx@hugedomains.com,Female,212.28.81.186
467,Berkeley,Starkie,bstarkiecy@japanpost.jp,Male,83.196.36.114
468,Laural,Treeby,ltreebycz@wikia.com,Female,67.26.231.115
469,Weston,Guerreru,wguerrerud0@fc2.com,Male,60.16.70.216
470,Sydelle,Arnet,sarnetd1@mlb.com,Female,243.100.45.137
471,Tynan,Werlock,twerlockd2@google.co.uk,Male,112.190.6.143
472,Oberon,Tooker,otookerd3@chronoengine.com,Male,191.14.170.35
473,Reg,Longworth,rlongworthd4@about.com,Male,127.147.105.208
474,Karylin,Widdall,kwiddalld5@xinhuanet.com,Female,85.203.208.109
475,Lorry,Yantsurev,lyantsurevd6@cdbaby.com,Male,40.73.143.218
476,Goldina,Besantie,gbesantied7@mapy.cz,Female,35.100.90.121
477,Stephannie,Wilcinskis,swilcinskisd8@cnet.com,Female,148.205.42.205
478,Stephenie,Edgson,sedgsond9@altervista.org,Female,95.199.110.239
479,Brook,Delves,bdelvesda@nationalgeographic.com,Male,84.51.44.80
480,Kirby,Fumagall,kfumagalldb@wikia.com,Female,196.180.7.149
481,Myrta,Heaven,mheavendc@youtube.com,Female,92.106.172.26
482,Ora,Guiduzzi,oguiduzzidd@techcrunch.com,Female,189.180.243.13
483,Wolfgang,Fleming,wflemingde@google.com,Male,198.135.87.21
484,Vassili,Stollenwerck,vstollenwerckdf@ovh.net,Male,86.139.11.183
485,Dita,Longlands,dlonglandsdg@buzzfeed.com,Female,94.145.243.33
486,Konrad,Tuckwood,ktuckwooddh@newsvine.com,Male,49.237.202.43
487,Olly,Dibb,odibbdi@xinhuanet.com,Female,120.149.199.168
488,Trever,Berryann,tberryanndj@lulu.com,Male,68.22.75.205
489,Kandace,Cleatherow,kcleatherowdk@disqus.com,Female,33.91.133.176
490,Hendrick,Brundall,hbrundalldl@foxnews.com,Male,171.61.2.210
491,Luke,De Ferraris,ldeferrarisdm@shinystat.com,Male,253.198.155.39
492,Lucian,Pickin,lpickindn@yellowpages.com,Male,52.106.206.231
493,Darlene,Durrant,ddurrantdo@cisco.com,Female,239.58.112.56
494,Pris,Conford,pconforddp@ed.gov,Female,246.4.162.249
495,Hedda,McManus,hmcmanusdq@github.io,Female,198.82.64.251
496,Thoma,Tedahl,ttedahldr@answers.com,Male,70.240.23.137
497,Tarah,Meekin,tmeekinds@phpbb.com,Female,138.178.249.244
498,Zaneta,Peaseman,zpeasemandt@digg.com,Female,50.216.251.195
499,Aldous,Dearan,adearandu@webs.com,Male,233.209.35.213
500,Gerta,Yve,gyvedv@ucoz.ru,Female,9.248.78.30
501,Becka,Featherstonhalgh,bfeatherstonhalghdw@youtu.be,Female,2.65.199.70
502,Rice,Stanion,rstaniondx@psu.edu,Male,64.245.203.68
503,Gilly,Emig,gemigdy@123-reg.co.uk,Female,23.14.64.18
504,Sissie,Rampley,srampleydz@sina.com.cn,Female,117.128.51.23
505,Missy,Netti,mnettie0@t-online.de,Female,134.4.195.97
506,Marcelline,Leebetter,mleebettere1@weibo.com,Female,169.129.226.104
507,Arturo,Blooman,abloomane2@de.vu,Male,160.13.199.111
508,Jourdain,Jacquemot,jjacquemote3@adobe.com,Male,169.41.44.229
509,Eulalie,Mabb,emabbe4@illinois.edu,Female,130.57.164.137
510,Belicia,Mechem,bmecheme5@cnbc.com,Female,60.220.147.227
511,Karrie,Lukins,klukinse6@rambler.ru,Female,156.136.45.86
512,Haroun,Janicijevic,hjanicijevice7@bbb.org,Male,72.2.30.19
513,Hortensia,Nyland,hnylande8@blinklist.com,Female,10.104.161.246
514,Harp,Lutz,hlutze9@phoca.cz,Male,119.30.60.40
515,Ryan,Hunnywell,rhunnywellea@constantcontact.com,Male,151.117.1.252
516,Yasmeen,Fenton,yfentoneb@forbes.com,Female,145.85.56.87
517,Ade,Reyson,areysonec@linkedin.com,Male,212.37.100.146
518,Tara,Hammon,thammoned@seattletimes.com,Female,109.174.94.100
519,Davy,Padmore,dpadmoreee@chicagotribune.com,Male,254.220.216.161
520,Herman,Dulieu,hdulieuef@addtoany.com,Male,82.241.228.73
521,Martica,Lushey,mlusheyeg@harvard.edu,Female,102.39.122.182
522,Minerva,Blakeley,mblakeleyeh@state.tx.us,Female,114.108.83.142
523,Gwenneth,Kellitt,gkellittei@hao123.com,Female,28.191.235.130
524,Roanne,O'Currine,rocurrineej@senate.gov,Female,50.167.10.249
525,Karine,Eastcott,keastcottek@chicagotribune.com,Female,228.84.77.77
526,Edsel,Castelow,ecastelowel@com.com,Male,13.170.159.120
527,Florie,Gibbon,fgibbonem@theguardian.com,Female,100.81.136.251
528,Sonya,Randal,srandalen@shop-pro.jp,Female,186.118.36.221
529,Neddie,Gration,ngrationeo@kickstarter.com,Male,244.83.174.108
530,Isak,Hummerston,ihummerstonep@scientificamerican.com,Male,220.123.204.33
531,Errol,Waycot,ewaycoteq@istockphoto.com,Male,110.117.91.90
532,Saba,Scullard,sscullarder@ft.com,Female,122.176.114.122
533,Jilly,Pauly,jpaulyes@businessinsider.com,Female,77.32.86.117
534,Cicily,Follows,cfollowset@discovery.com,Female,31.148.36.58
535,Agretha,Simants,asimantseu@com.com,Female,31.19.198.179
536,Kennan,Muff,kmuffev@sakura.ne.jp,Male,5.196.237.93
537,Ram,Southworth,rsouthworthew@smh.com.au,Male,189.52.128.51
538,Anderson,Merriton,amerritonex@usda.gov,Male,237.202.227.14
539,Josefa,Sisey,jsiseyey@purevolume.com,Female,153.219.1.27
540,Jo ann,Domek,jdomekez@nydailynews.com,Female,127.226.144.14
541,Quillan,Swansbury,qswansburyf0@google.es,Male,111.131.181.194
542,Stanislaus,Mundford,smundfordf1@ihg.com,Male,224.26.199.143
543,Kelci,Koeppke,kkoeppkef2@nba.com,Female,74.236.250.127
544,Chaunce,Shetliff,cshetlifff3@wired.com,Male,179.37.238.67
545,Maximilianus,Jaggard,mjaggardf4@google.nl,Male,56.57.116.161
546,Dawn,Fantini,dfantinif5@e-recht24.de,Female,94.226.205.202
547,Cecilius,Schriren,cschrirenf6@fema.gov,Male,43.47.166.7
548,Arluene,Doulden,adouldenf7@loc.gov,Female,57.92.228.86
549,Bone,Fairlaw,bfairlawf8@cnet.com,Male,202.167.44.191
550,Wilie,Woolbrook,wwoolbrookf9@yolasite.com,Female,243.102.179.116
551,Darryl,Fairbard,dfairbardfa@icio.us,Male,185.107.139.252
552,Carolynn,Knok,cknokfb@cnbc.com,Female,101.209.154.203
553,Onofredo,Bartram,obartramfc@shinystat.com,Male,117.103.201.181
554,Toby,Everall,teverallfd@ucla.edu,Male,168.112.94.195
555,Winfred,Aguirrezabal,waguirrezabalfe@yahoo.com,Male,215.59.134.94
556,Kendra,Tuohy,ktuohyff@vimeo.com,Female,11.45.123.29
557,Sybilla,Klimuk,sklimukfg@etsy.com,Female,212.231.238.69
558,Christos,Binden,cbindenfh@ocn.ne.jp,Male,181.238.250.234
559,Uta,Baser,ubaserfi@reference.com,Female,236.116.2.117
560,Aubree,Figgures,afigguresfj@chron.com,Female,206.251.58.33
561,Delila,Blaylock,dblaylockfk@msu.edu,Female,166.246.228.159
562,Debee,Kippen,dkippenfl@oracle.com,Female,31.252.81.42
563,Cosette,Schechter,cschechterfm@washingtonpost.com,Female,38.111.199.252
564,Robbi,Guilford,rguilfordfn@webeden.co.uk,Female,8.13.213.36
565,Ainslie,Labb,alabbfo@nytimes.com,Female,144.58.219.99
566,Carlota,Dymoke,cdymokefp@geocities.com,Female,219.92.37.39
567,Carey,Regus,cregusfq@arstechnica.com,Female,88.222.229.177
568,Melisa,O'Hare,moharefr@marketwatch.com,Female,62.162.26.63
569,Caren,Sayes,csayesfs@japanpost.jp,Female,107.216.36.207
570,Baryram,Rustadge,brustadgeft@goo.ne.jp,Male,173.119.197.162
571,Estrellita,Causon,ecausonfu@rediff.com,Female,138.137.185.26
572,Juline,Seamark,jseamarkfv@sakura.ne.jp,Female,11.183.46.37
573,Danell,Ffoulkes,dffoulkesfw@youtu.be,Female,42.103.228.80
574,Mallissa,Thunderchief,mthunderchieffx@forbes.com,Female,206.115.69.250
575,Nelle,Munro,nmunrofy@scientificamerican.com,Female,216.241.239.28
576,Lura,Everitt,leverittfz@purevolume.com,Female,221.194.174.139
577,Barbara,Smitten,bsmitteng0@barnesandnoble.com,Female,65.173.225.130
578,Jeffry,Clorley,jclorleyg1@typepad.com,Male,127.130.210.45
579,Thelma,Spitell,tspitellg2@topsy.com,Female,233.117.206.158
580,Daisie,Prinne,dprinneg3@gravatar.com,Female,150.11.181.181
581,Kippar,Proudlove,kproudloveg4@bigcartel.com,Male,138.117.166.144
582,Moshe,Wardley,mwardleyg5@army.mil,Male,64.240.114.154
583,Blake,Jane,bjaneg6@storify.com,Female,20.15.131.116
584,Dari,Minmagh,dminmaghg7@bbb.org,Female,44.218.97.187
585,Josias,Evers,jeversg8@usa.gov,Male,189.22.60.199
586,Urban,Abbets,uabbetsg9@liveinternet.ru,Male,206.252.130.250
587,Ronda,Leroux,rlerouxga@nymag.com,Female,48.30.209.93
588,Kathryne,Atto,kattogb@globo.com,Female,82.11.199.48
589,Sabine,Suddock,ssuddockgc@smugmug.com,Female,239.54.118.222
590,Humfried,Bevens,hbevensgd@istockphoto.com,Male,26.85.218.169
591,Stearn,Medler,smedlerge@freewebs.com,Male,76.74.35.127
592,Waneta,Lockie,wlockiegf@miitbeian.gov.cn,Female,137.196.203.167
593,Bald,O'Doran,bodorangg@webeden.co.uk,Male,244.154.139.215
594,Eward,Kuhndel,ekuhndelgh@photobucket.com,Male,61.50.222.93
595,Waylon,Kirwan,wkirwangi@slashdot.org,Male,81.88.240.226
596,Loraine,Bourges,lbourgesgj@devhub.com,Female,96.214.30.117
597,Carmencita,Decker,cdeckergk@slate.com,Female,38.226.143.198
598,Nicola,Devereux,ndevereuxgl@furl.net,Male,201.13.14.33
599,Winslow,Easterbrook,weasterbrookgm@ning.com,Male,136.86.82.118
600,Ricoriki,Petracco,rpetraccogn@sitemeter.com,Male,14.99.91.192
601,Roseanna,Keld,rkeldgo@cafepress.com,Female,157.135.56.126
602,Valma,Moger,vmogergp@state.tx.us,Female,92.217.44.39
603,Carlin,Swett,cswettgq@multiply.com,Male,233.43.46.96
604,Alberto,Anthill,aanthillgr@amazonaws.com,Male,116.79.124.121
605,Dorris,Greser,dgresergs@goo.gl,Female,27.157.25.46
606,Ulrich,Rylett,urylettgt@ask.com,Male,7.242.90.6
607,Inger,Hurch,ihurchgu@dmoz.org,Female,0.246.69.148
608,Irv,Hallard,ihallardgv@friendfeed.com,Male,17.49.25.70
609,Emilie,Dri,edrigw@hibu.com,Female,144.42.130.143
610,Neely,Dunphy,ndunphygx@miitbeian.gov.cn,Female,135.198.248.107
611,Lorna,Marklew,lmarklewgy@admin.ch,Female,0.170.86.181
612,Efren,Stoffels,estoffelsgz@nationalgeographic.com,Male,238.45.38.145
613,Margret,Glasscott,mglasscotth0@arstechnica.com,Female,44.71.27.46
614,Filia,Dome,fdomeh1@istockphoto.com,Female,175.39.120.255
615,Hedda,Spours,hspoursh2@va.gov,Female,254.165.145.168
616,Colene,Davidescu,cdavidescuh3@cyberchimps.com,Female,70.112.234.219
617,Gail,Nanni,gnannih4@people.com.cn,Female,148.133.84.73
618,Teirtza,Lemmen,tlemmenh5@blogtalkradio.com,Female,16.142.223.241
619,Paule,Drennan,pdrennanh6@wisc.edu,Female,139.116.116.136
620,Kathi,Bindin,kbindinh7@mashable.com,Female,96.151.44.206
621,Aggi,Jennrich,ajennrichh8@hhs.gov,Female,60.135.104.25
622,Marney,Grimm,mgrimmh9@dmoz.org,Female,139.82.198.113
623,Gunilla,Bortolotti,gbortolottiha@samsung.com,Female,168.149.88.166
624,Rutherford,Ilyinski,rilyinskihb@slashdot.org,Male,35.168.41.255
625,Abey,Llewelyn,allewelynhc@archive.org,Male,175.173.18.40
626,Derick,Salmoni,dsalmonihd@acquirethisname.com,Male,72.91.240.143
627,Gerrie,Jamary,gjamaryhe@dailymotion.com,Male,230.20.255.225
628,Trish,Ivashkov,tivashkovhf@amazon.com,Female,125.198.226.40
629,Gav,Bignall,gbignallhg@so-net.ne.jp,Male,49.25.22.116
630,Rosella,Brett,rbretthh@pcworld.com,Female,146.206.223.139
631,Arielle,Flipsen,aflipsenhi@hubpages.com,Female,193.175.107.168
632,Blinnie,Sydenham,bsydenhamhj@mtv.com,Female,78.106.88.162
633,Daryl,Bouller,dboullerhk@telegraph.co.uk,Female,229.221.133.129
634,Marylee,Thomassen,mthomassenhl@cbsnews.com,Female,194.9.234.188
635,Shelbi,Aronson,saronsonhm@umich.edu,Female,231.232.160.108
636,Robb,Bardill,rbardillhn@cam.ac.uk,Male,49.16.143.56
637,Kelby,Brendeke,kbrendekeho@mac.com,Male,45.124.11.68
638,Gothart,Thying,gthyinghp@ucoz.com,Male,191.176.57.2
639,Flory,Braidford,fbraidfordhq@deviantart.com,Female,77.96.4.9
640,Athena,Afonso,aafonsohr@sakura.ne.jp,Female,252.244.104.216
641,Norris,Berthelet,nbertheleths@imdb.com,Male,161.154.254.4
642,Eberto,Didball,edidballht@google.com.br,Male,5.96.80.62
643,Todd,Symmers,tsymmershu@acquirethisname.com,Male,1.248.171.7
644,Noelyn,Korn,nkornhv@dyndns.org,Female,183.242.198.128
645,Rutherford,Wedgbrow,rwedgbrowhw@scientificamerican.com,Male,91.105.131.44
646,Boris,Sackler,bsacklerhx@businesswire.com,Male,61.134.68.114
647,Marcile,Naptine,mnaptinehy@parallels.com,Female,203.122.32.105
648,Lay,Bidewel,lbidewelhz@webnode.com,Male,203.2.249.223
649,Dorine,Fitter,dfitteri0@go.com,Female,17.157.12.169
650,Linnell,Baggally,lbaggallyi1@4shared.com,Female,165.141.16.69
651,Rachelle,Tolson,rtolsoni2@xing.com,Female,141.113.222.208
652,Prent,Kidstoun,pkidstouni3@cornell.edu,Male,193.31.216.45
653,Ruby,Halso,rhalsoi4@pinterest.com,Female,65.149.81.62
654,Brena,Brauns,bbraunsi5@timesonline.co.uk,Female,23.210.147.148
655,Trix,Connelly,tconnellyi6@chicagotribune.com,Female,95.94.175.158
656,Honor,Braxton,hbraxtoni7@ameblo.jp,Female,223.213.253.233
657,Aile,Holby,aholbyi8@chronoengine.com,Female,154.134.55.184
658,Gianni,Wyeth,gwyethi9@cnbc.com,Male,204.184.2.13
659,Darren,Weeks,dweeksia@ifeng.com,Male,199.162.27.82
660,Erena,Gulk,egulkib@apple.com,Female,224.95.148.186
661,Sindee,Galliard,sgalliardic@homestead.com,Female,239.217.148.127
662,Ly,Ainge,laingeid@icio.us,Male,177.122.132.118
663,Trevar,Elegood,telegoodie@list-manage.com,Male,38.108.152.48
664,Shanta,Zannotelli,szannotelliif@a8.net,Female,120.89.221.20
665,Juanita,Boak,jboakig@oaic.gov.au,Female,112.49.204.157
666,Raddy,McGlaud,rmcglaudih@statcounter.com,Male,83.222.106.149
667,Domeniga,Spurling,dspurlingii@mlb.com,Female,89.249.239.8
668,Tedman,Wrist,twristij@1und1.de,Male,129.171.57.136
669,Sylas,Ainge,saingeik@prnewswire.com,Male,17.49.80.2
670,Tonie,Medley,tmedleyil@w3.org,Female,248.70.236.250
671,Charlotta,Staddon,cstaddonim@goo.ne.jp,Female,184.124.80.49
672,Martie,Scading,mscadingin@alibaba.com,Male,251.112.76.51
673,Harland,O'Connolly,hoconnollyio@pcworld.com,Male,93.206.251.233
674,Gilbert,Rehm,grehmip@imdb.com,Male,190.161.202.51
675,Bobbee,Suffield,bsuffieldiq@acquirethisname.com,Female,236.182.4.160
676,Galvan,Harback,gharbackir@linkedin.com,Male,59.31.142.51
677,Cullie,Cantwell,ccantwellis@msn.com,Male,54.247.14.134
678,Roberto,Hastewell,rhastewellit@china.com.cn,Male,56.12.134.130
679,Constantia,Sigart,csigartiu@etsy.com,Female,37.250.237.159
680,Clarence,Sackes,csackesiv@scientificamerican.com,Male,176.111.235.113
681,Alaster,Niset,anisetiw@gnu.org,Male,93.154.230.239
682,Cthrine,Rocco,croccoix@scribd.com,Female,4.103.148.54
683,Clem,Kennion,ckennioniy@163.com,Female,54.147.135.146
684,Thurston,Evreux,tevreuxiz@sina.com.cn,Male,19.127.149.221
685,Ivory,Chretien,ichretienj0@unblog.fr,Female,40.50.106.175
686,Corbie,Gasquoine,cgasquoinej1@reverbnation.com,Male,94.103.0.66
687,Poul,Davidzon,pdavidzonj2@devhub.com,Male,43.87.121.100
688,Vernon,Sprouls,vsproulsj3@twitpic.com,Male,56.120.136.203
689,Giacinta,Mabson,gmabsonj4@is.gd,Female,163.40.188.150
690,Marius,Welford,mwelfordj5@amazon.com,Male,226.219.103.177
691,Briney,Karolovsky,bkarolovskyj6@abc.net.au,Female,34.122.165.62
692,Derrick,McShee,dmcsheej7@accuweather.com,Male,101.164.5.252
693,Will,Schafer,wschaferj8@ebay.co.uk,Male,80.192.187.126
694,Moritz,Fairbard,mfairbardj9@irs.gov,Male,232.0.210.89
695,Isiahi,Yorke,iyorkeja@sun.com,Male,111.248.132.86
696,Abbie,Arnaldi,aarnaldijb@harvard.edu,Female,53.96.23.14
697,Irena,Havis,ihavisjc@yahoo.com,Female,33.164.248.105
698,Charline,Denisot,cdenisotjd@google.com,Female,104.19.205.160
699,Ariel,Courtier,acourtierje@facebook.com,Male,223.60.216.136
700,Karilynn,Ivison,kivisonjf@theatlantic.com,Female,97.76.107.53
701,Yule,Isakovic,yisakovicjg@amazon.de,Male,66.15.71.146
702,Galvin,Casterot,gcasterotjh@twitpic.com,Male,43.244.221.164
703,Gina,Haig,ghaigji@joomla.org,Female,69.170.131.81
704,Sherline,Blower,sblowerjj@discovery.com,Female,135.101.179.251
705,Richmound,Caird,rcairdjk@about.me,Male,84.64.197.63
706,Thaine,Boncoeur,tboncoeurjl@drupal.org,Male,12.130.155.226
707,Raddie,Backshaw,rbackshawjm@youku.com,Male,134.76.142.238
708,Elsi,Rust,erustjn@sciencedaily.com,Female,188.13.209.2
709,Nancie,Rayworth,nrayworthjo@rambler.ru,Female,174.38.114.226
710,Bing,O'Sheerin,bosheerinjp@4shared.com,Male,196.234.159.123
711,Christophe,Smurthwaite,csmurthwaitejq@cnbc.com,Male,12.216.237.123
712,Roy,Oland,rolandjr@woothemes.com,Male,5.179.23.219
713,Cosette,Touhig,ctouhigjs@google.fr,Female,255.137.224.60
714,Madeleine,Paulillo,mpaulillojt@sina.com.cn,Female,94.119.186.23
715,Rayna,Assaf,rassafju@yolasite.com,Female,92.138.86.16
716,Dacey,Reay,dreayjv@facebook.com,Female,53.192.228.78
717,Wildon,Morsley,wmorsleyjw@zdnet.com,Male,16.39.4.169
718,Charlotte,Beine,cbeinejx@a8.net,Female,37.187.164.185
719,Sue,Nacey,snaceyjy@indiegogo.com,Female,216.67.241.180
720,Dynah,Doughtery,ddoughteryjz@oaic.gov.au,Female,98.150.45.70
721,Selma,Miell,smiellk0@skype.com,Female,207.212.205.182
722,Homerus,Kubach,hkubachk1@hibu.com,Male,245.205.76.236
723,Delmor,Voff,dvoffk2@uiuc.edu,Male,157.25.156.240
724,Dill,Woollons,dwoollonsk3@bloomberg.com,Male,49.163.36.141
725,Krista,Gerrelts,kgerreltsk4@va.gov,Female,164.108.215.65
726,Kimmy,Raise,kraisek5@is.gd,Female,32.246.61.21
727,Auria,Riep,ariepk6@wordpress.org,Female,63.56.186.41
728,Norrie,Borleace,nborleacek7@xinhuanet.com,Male,141.100.235.25
729,Dennet,Espinay,despinayk8@rakuten.co.jp,Male,73.132.210.88
730,Concettina,Demangel,cdemangelk9@wisc.edu,Female,57.206.243.226
731,Jules,Laden,jladenka@psu.edu,Male,61.72.27.115
732,Kearney,Sammons,ksammonskb@howstuffworks.com,Male,230.242.133.170
733,Marika,Bustin,mbustinkc@redcross.org,Female,148.62.13.159
734,Julina,Dunmuir,jdunmuirkd@hc360.com,Female,89.179.21.24
735,Arabella,Farbrace,afarbraceke@jigsy.com,Female,23.97.53.226
736,Kendra,Arangy,karangykf@patch.com,Female,108.67.50.248
737,Holt,Radage,hradagekg@com.com,Male,210.48.78.137
738,Ferd,Daubney,fdaubneykh@google.de,Male,95.74.177.41
739,Aaron,Scarlan,ascarlanki@hubpages.com,Male,28.80.3.250
740,Ramsay,Escritt,rescrittkj@i2i.jp,Male,110.219.250.91
741,Kirbee,Furmedge,kfurmedgekk@hhs.gov,Female,10.180.162.7
742,Fara,Romney,fromneykl@cnn.com,Female,57.109.38.88
743,Ermentrude,Blannin,eblanninkm@etsy.com,Female,95.218.194.164
744,Daffy,Camlin,dcamlinkn@aol.com,Female,2.207.32.82
745,Gregoire,Fishpool,gfishpoolko@usda.gov,Male,243.228.98.16
746,Bill,Lobell,blobellkp@va.gov,Male,210.138.236.98
747,Flore,Lomasney,flomasneykq@about.com,Female,37.228.255.171
748,Wallache,Danihelka,wdanihelkakr@canalblog.com,Male,186.88.211.135
749,Eugen,Wippermann,ewippermannks@vistaprint.com,Male,197.147.217.23
750,Oberon,Ollenbuttel,oollenbuttelkt@earthlink.net,Male,187.55.255.134
751,Kalina,Saunder,ksaunderku@tuttocitta.it,Female,243.147.240.244
752,Ozzie,O'Brogan,oobrogankv@smh.com.au,Male,223.23.98.60
753,Sawyer,Cregeen,scregeenkw@businessweek.com,Male,93.126.208.94
754,Giff,Voce,gvocekx@free.fr,Male,125.61.52.154
755,Gayle,Tayt,gtaytky@clickbank.net,Female,77.42.9.202
756,Rice,Vreiberg,rvreibergkz@themeforest.net,Male,71.128.70.187
757,Charleen,Lemmer,clemmerl0@imgur.com,Female,98.15.29.94
758,Sisile,Skews,sskewsl1@washingtonpost.com,Female,245.170.179.107
759,Desiree,Streatfield,dstreatfieldl2@merriam-webster.com,Female,212.109.244.160
760,Jeanie,Berriman,jberrimanl3@slashdot.org,Female,218.144.202.130
761,Inez,Yates,iyatesl4@cdbaby.com,Female,228.182.138.112
762,Bondy,Marshfield,bmarshfieldl5@squarespace.com,Male,154.23.35.163
763,Alexia,Newlove,anewlovel6@wisc.edu,Female,129.42.106.215
764,Hillery,Fetherstan,hfetherstanl7@ask.com,Male,165.52.205.21
765,Alphard,Orvis,aorvisl8@about.com,Male,85.252.25.184
766,Gabriel,Vasentsov,gvasentsovl9@theguardian.com,Male,229.7.153.64
767,Jacinda,Webster,jwebsterla@mashable.com,Female,222.71.164.134
768,Anderson,Molnar,amolnarlb@youku.com,Male,226.214.204.168
769,Lorant,Dorgan,ldorganlc@noaa.gov,Male,36.232.247.169
770,Orson,Saffen,osaffenld@t-online.de,Male,76.60.66.12
771,Kellyann,Berzon,kberzonle@prnewswire.com,Female,85.130.40.141
772,Ave,Considine,aconsidinelf@admin.ch,Male,226.96.137.188
773,Nettle,Foggarty,nfoggartylg@cmu.edu,Female,134.174.41.13
774,Bari,Springle,bspringlelh@unicef.org,Female,226.185.182.64
775,Ignatius,Impy,iimpyli@foxnews.com,Male,91.188.66.88
776,Allis,Haydney,ahaydneylj@mapy.cz,Female,69.211.85.78
777,Suzanna,Osbourn,sosbournlk@princeton.edu,Female,70.223.250.7
778,Bail,Spurgeon,bspurgeonll@tinypic.com,Male,198.3.100.131
779,Gwen,de Merida,gdemeridalm@miitbeian.gov.cn,Female,60.90.222.129
780,Carrissa,Powder,cpowderln@amazon.com,Female,53.80.241.138
781,Klarika,Langhorn,klanghornlo@wunderground.com,Female,165.174.70.26
782,Agretha,Dell'Abbate,adellabbatelp@pen.io,Female,226.1.157.218
783,Haze,Millar,hmillarlq@unicef.org,Male,88.70.254.254
784,Patience,Labrom,plabromlr@163.com,Female,157.42.163.172
785,Deedee,Ong,dongls@oakley.com,Female,242.170.9.207
786,Dominique,Oats,doatslt@pcworld.com,Male,174.165.173.130
787,Elston,Murname,emurnamelu@ow.ly,Male,53.31.72.53
788,Thane,Manley,tmanleylv@sogou.com,Male,144.164.134.139
789,Perceval,Wicher,pwicherlw@alibaba.com,Male,115.235.47.79
790,Derril,Billingsly,dbillingslylx@marketwatch.com,Male,203.69.121.127
791,Rowan,Pyrah,rpyrahly@discovery.com,Male,131.22.189.93
792,Danny,Yacobsohn,dyacobsohnlz@statcounter.com,Female,242.168.251.197
793,Cori,Sambedge,csambedgem0@meetup.com,Male,183.114.99.14
794,Clywd,Greenwood,cgreenwoodm1@altervista.org,Male,12.213.68.77
795,Rayner,Stuckford,rstuckfordm2@cnbc.com,Male,65.219.70.109
796,Forster,Lawlance,flawlancem3@netscape.com,Male,102.222.162.182
797,Joeann,Wimbush,jwimbushm4@goo.ne.jp,Female,8.218.79.118
798,Roxine,Hammersley,rhammersleym5@i2i.jp,Female,106.224.155.127
799,Cornell,Dearman,cdearmanm6@friendfeed.com,Male,223.144.211.145
800,Korella,Peidro,kpeidrom7@i2i.jp,Female,59.17.33.220
801,Lars,Coton,lcotonm8@unblog.fr,Male,153.103.71.214
802,Astrix,Bolin,abolinm9@desdev.cn,Female,182.102.131.36
803,Theodore,Brugemann,tbrugemannma@blogger.com,Male,130.28.35.134
804,Rich,Luckes,rluckesmb@mayoclinic.com,Male,221.52.200.127
805,Chaunce,Easlea,ceasleamc@wiley.com,Male,56.212.229.133
806,Seana,Wilcinskis,swilcinskismd@walmart.com,Female,248.219.35.46
807,Amalee,Boskell,aboskellme@cargocollective.com,Female,27.154.206.206
808,Anne-marie,Culvey,aculveymf@japanpost.jp,Female,213.163.45.167
809,Helyn,Swarbrigg,hswarbriggmg@techcrunch.com,Female,232.194.93.188
810,Bernie,Paddy,bpaddymh@skyrock.com,Female,144.186.155.131
811,Philippe,Robbeke,probbekemi@disqus.com,Female,202.47.94.82
812,Arleyne,Leyrroyd,aleyrroydmj@squarespace.com,Female,197.100.214.59
813,Taylor,Ridge,tridgemk@feedburner.com,Male,3.159.158.60
814,Koressa,Iowarch,kiowarchml@booking.com,Female,59.238.143.224
815,Ardis,Huniwall,ahuniwallmm@upenn.edu,Female,151.182.229.130
816,Jarrett,Esgate,jesgatemn@rediff.com,Male,80.225.79.154
817,Nolie,Paaso,npaasomo@nhs.uk,Female,54.85.36.62
818,Rocky,Weiser,rweisermp@earthlink.net,Male,237.134.155.200
819,Kevin,Tookey,ktookeymq@gnu.org,Male,5.8.100.199
820,Aime,Haycox,ahaycoxmr@craigslist.org,Female,138.115.34.187
821,Leanor,Dublin,ldublinms@purevolume.com,Female,72.192.156.158
822,Horacio,Sute,hsutemt@ebay.co.uk,Male,14.210.146.152
823,Carling,Brusby,cbrusbymu@fc2.com,Male,153.226.249.120
824,Gannon,Baistow,gbaistowmv@shareasale.com,Male,187.226.193.178
825,Timothea,Haliburton,thaliburtonmw@odnoklassniki.ru,Female,39.182.223.40
826,Carol-jean,Gostling,cgostlingmx@nbcnews.com,Female,5.100.2.24
827,Adrea,Spittall,aspittallmy@livejournal.com,Female,0.61.12.117
828,Neille,Haggart,nhaggartmz@nifty.com,Female,203.153.201.212
829,Nita,Westphal,nwestphaln0@earthlink.net,Female,206.129.77.152
830,Ricki,Blackborough,rblackboroughn1@csmonitor.com,Male,27.110.186.106
831,Jarid,Pittam,jpittamn2@toplist.cz,Male,170.57.112.29
832,Zebedee,Tunsley,ztunsleyn3@themeforest.net,Male,4.121.25.196
833,Aharon,Bradlaugh,abradlaughn4@exblog.jp,Male,55.85.81.189
834,Vincents,Cuchey,vcucheyn5@bluehost.com,Male,51.58.152.255
835,Paolo,Jorioz,pjoriozn6@virginia.edu,Male,220.48.184.9
836,Elisha,Giraudot,egiraudotn7@businessweek.com,Male,91.76.241.144
837,Archambault,Vesco,avescon8@paginegialle.it,Male,57.136.72.100
838,Celestina,McConnulty,cmcconnultyn9@mit.edu,Female,232.39.247.241
839,Tory,Perrot,tperrotna@reverbnation.com,Female,10.72.169.37
840,Chrisy,McKane,cmckanenb@webeden.co.uk,Male,145.113.167.22
841,Meryl,Gilliam,mgilliamnc@prweb.com,Male,194.115.249.87
842,Gilberte,Fernandez,gfernandeznd@wikimedia.org,Female,166.168.250.92
843,Herculie,Byford,hbyfordne@geocities.jp,Male,249.112.171.1
844,Clementius,Whitehurst,cwhitehurstnf@soundcloud.com,Male,227.148.154.56
845,York,Minor,yminorng@un.org,Male,206.214.169.13
846,Perceval,Aidler,paidlernh@huffingtonpost.com,Male,49.117.240.21
847,Arleta,Cheshir,acheshirni@acquirethisname.com,Female,67.210.237.136
848,Irvin,Gowanlock,igowanlocknj@etsy.com,Male,134.119.85.33
849,Teador,Clayworth,tclayworthnk@cnbc.com,Male,246.115.133.14
850,Jason,Tew,jtewnl@wsj.com,Male,189.238.4.165
851,Roy,Agney,ragneynm@dion.ne.jp,Male,80.149.83.2
852,Willie,Everill,weverillnn@exblog.jp,Male,145.9.118.196
853,Osbourn,Paliser,opaliserno@deviantart.com,Male,154.142.95.19
854,Rik,Eouzan,reouzannp@timesonline.co.uk,Male,205.160.212.228
855,Bren,Tungay,btungaynq@macromedia.com,Male,121.73.73.249
856,Cornell,Traves,ctravesnr@domainmarket.com,Male,99.205.137.9
857,Kippy,Woollends,kwoollendsns@weather.com,Female,70.243.18.176
858,Lorene,St Louis,lstlouisnt@sourceforge.net,Female,253.88.243.143
859,Belicia,Housecroft,bhousecroftnu@biglobe.ne.jp,Female,58.119.242.135
860,Ramsay,Puddan,rpuddannv@usgs.gov,Male,165.191.113.249
861,Lianne,Gerriessen,lgerriessennw@so-net.ne.jp,Female,134.254.150.230
862,Art,Poppleton,apoppletonnx@google.com,Male,224.180.2.49
863,Nicolle,Wones,nwonesny@networksolutions.com,Female,77.134.9.7
864,Danie,Ansley,dansleynz@acquirethisname.com,Male,168.249.108.226
865,Johannes,Poulett,jpouletto0@hugedomains.com,Male,224.129.149.120
866,Anthea,Starr,astarro1@hubpages.com,Female,156.7.70.245
867,Perla,Phripp,pphrippo2@engadget.com,Female,179.125.24.33
868,Clemence,Salazar,csalazaro3@scribd.com,Female,152.36.106.114
869,Yoshi,Strippel,ystrippelo4@amazon.com,Female,51.99.67.232
870,Penelopa,Lagne,plagneo5@ow.ly,Female,85.124.119.121
871,Evey,Garrit,egarrito6@yellowbook.com,Female,59.98.63.67
872,Dorey,Jarratt,djarratto7@google.co.jp,Female,62.217.83.24
873,Karine,McGaw,kmcgawo8@va.gov,Female,147.121.76.100
874,Twyla,Nurny,tnurnyo9@woothemes.com,Female,185.159.115.138
875,Katrine,De Freitas,kdefreitasoa@bluehost.com,Female,188.209.28.189
876,Terrill,Twittey,ttwitteyob@networksolutions.com,Male,25.21.87.224
877,Koren,Sate,ksateoc@senate.gov,Female,227.36.68.220
878,Kalvin,Chezier,kchezierod@ow.ly,Male,46.98.182.238
879,Leupold,Serraillier,lserraillieroe@friendfeed.com,Male,137.156.2.225
880,Vida,Wipper,vwipperof@blog.com,Female,161.242.173.245
881,Lisette,Ivanyushkin,livanyushkinog@desdev.cn,Female,74.146.14.233
882,Lexis,Reisen,lreisenoh@ebay.co.uk,Female,103.231.153.4
883,Clarie,Bromby,cbrombyoi@vk.com,Female,58.18.191.135
884,Kaleb,Berge,kbergeoj@bloglovin.com,Male,28.101.221.146
885,Sandy,Salandino,ssalandinook@usda.gov,Female,12.130.88.47
886,Happy,Treadger,htreadgerol@facebook.com,Female,5.236.206.45
887,Wendel,Dishman,wdishmanom@issuu.com,Male,187.142.161.188
888,Selma,Newstead,snewsteadon@tripadvisor.com,Female,172.193.254.101
889,Maggy,Rudsdale,mrudsdaleoo@redcross.org,Female,90.149.25.166
890,Jarvis,Gouldstraw,jgouldstrawop@cnet.com,Male,6.244.126.143
891,Matthiew,Doerren,mdoerrenoq@amazonaws.com,Male,70.2.7.245
892,Heinrick,Holdforth,hholdforthor@blogger.com,Male,69.205.136.67
893,Clerc,Imlacke,cimlackeos@nbcnews.com,Male,199.119.205.255
894,Stephannie,Dymock,sdymockot@wordpress.com,Female,108.171.105.78
895,Ralph,Hurburt,rhurburtou@furl.net,Male,98.30.191.167
896,Vanya,Hame,vhameov@devhub.com,Female,95.242.190.90
897,Merrick,McFadin,mmcfadinow@jigsy.com,Male,151.173.53.114
898,Karlens,Vanlint,kvanlintox@bigcartel.com,Male,195.42.126.172
899,Rebekah,Huntly,rhuntlyoy@mlb.com,Female,18.117.124.182
900,Arvin,Abbots,aabbotsoz@gnu.org,Male,200.117.61.52
901,Teresina,Shapira,tshapirap0@instagram.com,Female,101.178.220.205
902,Barnie,Pes,bpesp1@wisc.edu,Male,199.160.19.125
903,Davida,O Mullen,domullenp2@hp.com,Female,92.110.116.4
904,Maryanna,Marc,mmarcp3@dailymail.co.uk,Female,58.57.162.245
905,Dagny,Placstone,dplacstonep4@geocities.jp,Male,205.180.234.102
906,Kalli,Warn,kwarnp5@state.tx.us,Female,190.28.82.94
907,Chucho,Wiszniewski,cwiszniewskip6@furl.net,Male,51.201.45.6
908,Carey,Driutti,cdriuttip7@stanford.edu,Female,58.175.65.154
909,Lindsay,Winscum,lwinscump8@ucoz.com,Female,160.188.209.200
910,Adoree,Jeandon,ajeandonp9@epa.gov,Female,145.248.133.4
911,Sandie,Habeshaw,shabeshawpa@time.com,Female,202.193.58.247
912,Dorelle,Darree,ddarreepb@blinklist.com,Female,218.132.70.199
913,Sophi,Goney,sgoneypc@cnet.com,Female,236.193.183.200
914,Adham,Ingley,aingleypd@usatoday.com,Male,188.97.89.208
915,Carole,Reinbach,creinbachpe@examiner.com,Female,111.47.140.208
916,Tyne,McKibbin,tmckibbinpf@studiopress.com,Female,39.102.167.241
917,Rodolfo,De Hooge,rdehoogepg@nba.com,Male,120.128.141.245
918,Cesaro,Alessandrelli,calessandrelliph@nytimes.com,Male,88.73.131.229
919,Wilbert,Juett,wjuettpi@gizmodo.com,Male,61.196.48.202
920,Franklyn,Dahlbom,fdahlbompj@imageshack.us,Male,103.4.241.0
921,Krissy,Wimpenny,kwimpennypk@examiner.com,Female,241.254.249.102
922,Dionisio,Jelliman,djellimanpl@virginia.edu,Male,12.19.54.152
923,Gavrielle,Lyte,glytepm@tiny.cc,Female,213.15.137.213
924,Kandy,Machen,kmachenpn@paypal.com,Female,23.153.124.30
925,Magdalene,Annatt,mannattpo@plala.or.jp,Female,60.126.217.116
926,Veronica,Sacco,vsaccopp@illinois.edu,Female,105.226.170.163
927,Bartholemy,Sherrin,bsherrinpq@hexun.com,Male,129.35.49.185
928,Kerstin,Sainter,ksainterpr@dailymotion.com,Female,18.229.238.6
929,Ania,Grishunin,agrishuninps@hibu.com,Female,64.244.237.68
930,Noell,Shires,nshirespt@jalbum.net,Female,186.153.49.129
931,Giffie,Hince,ghincepu@google.co.jp,Male,92.160.146.202
932,Adelle,Braley,abraleypv@wordpress.com,Female,108.186.24.148
933,Julina,Markie,jmarkiepw@tinypic.com,Female,201.113.120.156
934,Francis,Clemas,fclemaspx@wordpress.org,Male,88.14.0.150
935,Ivy,Shorter,ishorterpy@ask.com,Female,184.195.202.150
936,Andros,Mulcaster,amulcasterpz@pen.io,Male,255.80.83.141
937,Holli,Hovard,hhovardq0@indiegogo.com,Female,237.185.230.28
938,Lanni,Chupin,lchupinq1@eepurl.com,Female,124.246.230.204
939,Brendon,Antusch,bantuschq2@independent.co.uk,Male,116.21.144.217
940,Lonnard,Busain,lbusainq3@uol.com.br,Male,74.210.207.220
941,Perle,Petto,ppettoq4@weibo.com,Female,115.29.140.179
942,Thurston,Marland,tmarlandq5@state.gov,Male,6.74.140.213
943,Lynnell,Inglesent,linglesentq6@cpanel.net,Female,18.166.113.218
944,Julianne,Jimeno,jjimenoq7@pen.io,Female,1.247.119.146
945,Lorilyn,Baumler,lbaumlerq8@berkeley.edu,Female,201.161.178.117
946,Lynde,Pethrick,lpethrickq9@statcounter.com,Female,101.123.62.109
947,Rutter,Haversum,rhaversumqa@histats.com,Male,202.10.133.197
948,Tirrell,Tesauro,ttesauroqb@shop-pro.jp,Male,94.90.61.26
949,Terrell,Hammon,thammonqc@storify.com,Male,72.174.16.47
950,Selina,Smiths,ssmithsqd@multiply.com,Female,249.65.254.162
951,Starlene,Collens,scollensqe@trellian.com,Female,185.134.61.14
952,Bonny,Annis,bannisqf@soundcloud.com,Female,201.57.209.92
953,Vida,Wurst,vwurstqg@google.it,Female,215.250.175.97
954,Judon,McCoughan,jmccoughanqh@blog.com,Male,70.226.78.25
955,Skyler,Pybus,spybusqi@bandcamp.com,Male,47.173.7.157
956,Lorenzo,Kleinmann,lkleinmannqj@bluehost.com,Male,224.205.83.91
957,Merry,Hoopper,mhoopperqk@ebay.co.uk,Female,163.131.240.24
958,Mikkel,Michie,mmichieql@bloglines.com,Male,10.194.103.251
959,Consolata,De Cruze,cdecruzeqm@zdnet.com,Female,216.250.47.235
960,Massimo,Swabey,mswabeyqn@blinklist.com,Male,242.131.41.33
961,Minerva,Beany,mbeanyqo@blog.com,Female,189.70.171.204
962,Ty,Hedge,thedgeqp@time.com,Male,67.218.142.43
963,Maggi,Edmenson,medmensonqq@dyndns.org,Female,242.111.32.103
964,Walsh,Golsby,wgolsbyqr@google.com.au,Male,3.94.159.216
965,Markos,Hebbes,mhebbesqs@sphinn.com,Male,236.222.251.24
966,Malvin,Petren,mpetrenqt@walmart.com,Male,156.20.229.8
967,Ollie,Dancer,odancerqu@nasa.gov,Female,6.156.142.33
968,Koressa,Dyshart,kdyshartqv@netlog.com,Female,29.182.92.62
969,Franky,Tirte,ftirteqw@linkedin.com,Male,246.44.92.201
970,Lemmie,Dabourne,ldabourneqx@unc.edu,Male,106.159.85.77
971,Deane,Dargie,ddargieqy@google.cn,Female,14.199.58.151
972,Robinson,Cella,rcellaqz@army.mil,Male,119.218.210.96
973,Haskel,Dowbakin,hdowbakinr0@fotki.com,Male,141.60.32.166
974,Casi,Simenot,csimenotr1@myspace.com,Female,110.195.83.103
975,Adey,Paradin,aparadinr2@economist.com,Female,234.29.17.62
976,Eduino,Trevna,etrevnar3@nationalgeographic.com,Male,245.133.215.69
977,Elna,Hassard,ehassardr4@macromedia.com,Female,177.246.149.103
978,Quinton,Theakston,qtheakstonr5@simplemachines.org,Male,201.183.247.222
979,Geri,Croisdall,gcroisdallr6@booking.com,Male,168.164.3.41
980,Zared,Gianasi,zgianasir7@wisc.edu,Male,133.178.66.82
981,Bianca,Very,bveryr8@hhs.gov,Female,59.72.175.21
982,Natividad,Dunthorn,ndunthornr9@1688.com,Female,3.150.145.231
983,Nessa,Casley,ncasleyra@stumbleupon.com,Female,8.125.199.143
984,Orelie,Brandsma,obrandsmarb@sun.com,Female,32.187.207.8
985,Sergio,Hellmer,shellmerrc@spiegel.de,Male,79.14.133.168
986,Hanna,Grimsley,hgrimsleyrd@github.com,Female,46.182.79.105
987,Fitz,Curthoys,fcurthoysre@house.gov,Male,36.127.237.124
988,Jeremie,Shale,jshalerf@yahoo.co.jp,Male,76.33.24.238
989,Lois,Bartrap,lbartraprg@netvibes.com,Female,172.239.108.5
990,Flossi,Jeune,fjeunerh@wordpress.com,Female,232.231.74.1
991,Dita,Hearns,dhearnsri@elpais.com,Female,75.81.201.175
992,Adel,Sheron,asheronrj@weibo.com,Female,117.39.250.206
993,Billy,Abadam,babadamrk@skyrock.com,Male,12.2.18.91
994,Deeanne,Mingus,dmingusrl@chicagotribune.com,Female,85.147.120.27
995,Angel,Hunnicutt,ahunnicuttrm@hud.gov,Female,104.211.62.99
996,Nappy,Hatwell,nhatwellrn@weibo.com,Male,107.82.44.96
997,Lonna,Housden,lhousdenro@vinaora.com,Female,192.233.172.168
998,Marv,Leneve,mleneverp@europa.eu,Male,228.201.197.158
999,Hermine,Shardlow,hshardlowrq@tumblr.com,Female,111.182.56.222
1000,Joceline,Sixsmith,jsixsmithrr@ovh.net,Female,220.5.219.202
